--
-- PostgreSQL database dump
--

-- Dumped from database version 16.3
-- Dumped by pg_dump version 16.3

SET statement_timeout = 0;
SET lock_timeout = 0;
SET idle_in_transaction_session_timeout = 0;
SET client_encoding = 'UTF8';
SET standard_conforming_strings = on;
SELECT pg_catalog.set_config('search_path', '', false);
SET check_function_bodies = false;
SET xmloption = content;
SET client_min_messages = warning;
SET row_security = off;

SET default_tablespace = '';

SET default_table_access_method = heap;

--
-- Name: auth_group; Type: TABLE; Schema: public; Owner: postgres
--

CREATE TABLE public.auth_group (
    id integer NOT NULL,
    name character varying(150) NOT NULL
);


ALTER TABLE public.auth_group OWNER TO postgres;

--
-- Name: auth_group_id_seq; Type: SEQUENCE; Schema: public; Owner: postgres
--

ALTER TABLE public.auth_group ALTER COLUMN id ADD GENERATED BY DEFAULT AS IDENTITY (
    SEQUENCE NAME public.auth_group_id_seq
    START WITH 1
    INCREMENT BY 1
    NO MINVALUE
    NO MAXVALUE
    CACHE 1
);


--
-- Name: auth_group_permissions; Type: TABLE; Schema: public; Owner: postgres
--

CREATE TABLE public.auth_group_permissions (
    id bigint NOT NULL,
    group_id integer NOT NULL,
    permission_id integer NOT NULL
);


ALTER TABLE public.auth_group_permissions OWNER TO postgres;

--
-- Name: auth_group_permissions_id_seq; Type: SEQUENCE; Schema: public; Owner: postgres
--

ALTER TABLE public.auth_group_permissions ALTER COLUMN id ADD GENERATED BY DEFAULT AS IDENTITY (
    SEQUENCE NAME public.auth_group_permissions_id_seq
    START WITH 1
    INCREMENT BY 1
    NO MINVALUE
    NO MAXVALUE
    CACHE 1
);


--
-- Name: auth_permission; Type: TABLE; Schema: public; Owner: postgres
--

CREATE TABLE public.auth_permission (
    id integer NOT NULL,
    name character varying(255) NOT NULL,
    content_type_id integer NOT NULL,
    codename character varying(100) NOT NULL
);


ALTER TABLE public.auth_permission OWNER TO postgres;

--
-- Name: auth_permission_id_seq; Type: SEQUENCE; Schema: public; Owner: postgres
--

ALTER TABLE public.auth_permission ALTER COLUMN id ADD GENERATED BY DEFAULT AS IDENTITY (
    SEQUENCE NAME public.auth_permission_id_seq
    START WITH 1
    INCREMENT BY 1
    NO MINVALUE
    NO MAXVALUE
    CACHE 1
);


--
-- Name: community_productcomment; Type: TABLE; Schema: public; Owner: postgres
--

CREATE TABLE public.community_productcomment (
    id bigint NOT NULL,
    text text NOT NULL,
    created_at timestamp with time zone NOT NULL,
    author_id bigint NOT NULL,
    parent_id bigint,
    product_id bigint NOT NULL
);


ALTER TABLE public.community_productcomment OWNER TO postgres;

--
-- Name: community_productcomment_id_seq; Type: SEQUENCE; Schema: public; Owner: postgres
--

ALTER TABLE public.community_productcomment ALTER COLUMN id ADD GENERATED BY DEFAULT AS IDENTITY (
    SEQUENCE NAME public.community_productcomment_id_seq
    START WITH 1
    INCREMENT BY 1
    NO MINVALUE
    NO MAXVALUE
    CACHE 1
);


--
-- Name: community_productreview; Type: TABLE; Schema: public; Owner: postgres
--

CREATE TABLE public.community_productreview (
    id bigint NOT NULL,
    text text NOT NULL,
    created_at timestamp with time zone NOT NULL,
    rating integer NOT NULL,
    author_id bigint NOT NULL,
    product_id bigint NOT NULL,
    CONSTRAINT community_productreview_rating_check CHECK ((rating >= 0))
);


ALTER TABLE public.community_productreview OWNER TO postgres;

--
-- Name: community_productreview_id_seq; Type: SEQUENCE; Schema: public; Owner: postgres
--

ALTER TABLE public.community_productreview ALTER COLUMN id ADD GENERATED BY DEFAULT AS IDENTITY (
    SEQUENCE NAME public.community_productreview_id_seq
    START WITH 1
    INCREMENT BY 1
    NO MINVALUE
    NO MAXVALUE
    CACHE 1
);


--
-- Name: community_productreviewcomment; Type: TABLE; Schema: public; Owner: postgres
--

CREATE TABLE public.community_productreviewcomment (
    id bigint NOT NULL,
    text text NOT NULL,
    created_at timestamp with time zone NOT NULL,
    author_id bigint NOT NULL,
    review_id bigint NOT NULL
);


ALTER TABLE public.community_productreviewcomment OWNER TO postgres;

--
-- Name: community_productreviewcomment_id_seq; Type: SEQUENCE; Schema: public; Owner: postgres
--

ALTER TABLE public.community_productreviewcomment ALTER COLUMN id ADD GENERATED BY DEFAULT AS IDENTITY (
    SEQUENCE NAME public.community_productreviewcomment_id_seq
    START WITH 1
    INCREMENT BY 1
    NO MINVALUE
    NO MAXVALUE
    CACHE 1
);


--
-- Name: community_usercomment; Type: TABLE; Schema: public; Owner: postgres
--

CREATE TABLE public.community_usercomment (
    id bigint NOT NULL,
    text text NOT NULL,
    created_at timestamp with time zone NOT NULL,
    author_id bigint NOT NULL,
    parent_id bigint,
    user_id bigint NOT NULL
);


ALTER TABLE public.community_usercomment OWNER TO postgres;

--
-- Name: community_usercomment_id_seq; Type: SEQUENCE; Schema: public; Owner: postgres
--

ALTER TABLE public.community_usercomment ALTER COLUMN id ADD GENERATED BY DEFAULT AS IDENTITY (
    SEQUENCE NAME public.community_usercomment_id_seq
    START WITH 1
    INCREMENT BY 1
    NO MINVALUE
    NO MAXVALUE
    CACHE 1
);


--
-- Name: django_admin_log; Type: TABLE; Schema: public; Owner: postgres
--

CREATE TABLE public.django_admin_log (
    id integer NOT NULL,
    action_time timestamp with time zone NOT NULL,
    object_id text,
    object_repr character varying(200) NOT NULL,
    action_flag smallint NOT NULL,
    change_message text NOT NULL,
    content_type_id integer,
    user_id bigint NOT NULL,
    CONSTRAINT django_admin_log_action_flag_check CHECK ((action_flag >= 0))
);


ALTER TABLE public.django_admin_log OWNER TO postgres;

--
-- Name: django_admin_log_id_seq; Type: SEQUENCE; Schema: public; Owner: postgres
--

ALTER TABLE public.django_admin_log ALTER COLUMN id ADD GENERATED BY DEFAULT AS IDENTITY (
    SEQUENCE NAME public.django_admin_log_id_seq
    START WITH 1
    INCREMENT BY 1
    NO MINVALUE
    NO MAXVALUE
    CACHE 1
);


--
-- Name: django_content_type; Type: TABLE; Schema: public; Owner: postgres
--

CREATE TABLE public.django_content_type (
    id integer NOT NULL,
    app_label character varying(100) NOT NULL,
    model character varying(100) NOT NULL
);


ALTER TABLE public.django_content_type OWNER TO postgres;

--
-- Name: django_content_type_id_seq; Type: SEQUENCE; Schema: public; Owner: postgres
--

ALTER TABLE public.django_content_type ALTER COLUMN id ADD GENERATED BY DEFAULT AS IDENTITY (
    SEQUENCE NAME public.django_content_type_id_seq
    START WITH 1
    INCREMENT BY 1
    NO MINVALUE
    NO MAXVALUE
    CACHE 1
);


--
-- Name: django_migrations; Type: TABLE; Schema: public; Owner: postgres
--

CREATE TABLE public.django_migrations (
    id bigint NOT NULL,
    app character varying(255) NOT NULL,
    name character varying(255) NOT NULL,
    applied timestamp with time zone NOT NULL
);


ALTER TABLE public.django_migrations OWNER TO postgres;

--
-- Name: django_migrations_id_seq; Type: SEQUENCE; Schema: public; Owner: postgres
--

ALTER TABLE public.django_migrations ALTER COLUMN id ADD GENERATED BY DEFAULT AS IDENTITY (
    SEQUENCE NAME public.django_migrations_id_seq
    START WITH 1
    INCREMENT BY 1
    NO MINVALUE
    NO MAXVALUE
    CACHE 1
);


--
-- Name: django_session; Type: TABLE; Schema: public; Owner: postgres
--

CREATE TABLE public.django_session (
    session_key character varying(40) NOT NULL,
    session_data text NOT NULL,
    expire_date timestamp with time zone NOT NULL
);


ALTER TABLE public.django_session OWNER TO postgres;

--
-- Name: orders_cart; Type: TABLE; Schema: public; Owner: postgres
--

CREATE TABLE public.orders_cart (
    id bigint NOT NULL,
    created_at timestamp with time zone NOT NULL,
    updated_at timestamp with time zone NOT NULL,
    user_id bigint
);


ALTER TABLE public.orders_cart OWNER TO postgres;

--
-- Name: orders_cart_id_seq; Type: SEQUENCE; Schema: public; Owner: postgres
--

ALTER TABLE public.orders_cart ALTER COLUMN id ADD GENERATED BY DEFAULT AS IDENTITY (
    SEQUENCE NAME public.orders_cart_id_seq
    START WITH 1
    INCREMENT BY 1
    NO MINVALUE
    NO MAXVALUE
    CACHE 1
);


--
-- Name: orders_cartitem; Type: TABLE; Schema: public; Owner: postgres
--

CREATE TABLE public.orders_cartitem (
    id bigint NOT NULL,
    quantity integer NOT NULL,
    created_at timestamp with time zone NOT NULL,
    updated_at timestamp with time zone NOT NULL,
    cart_id bigint NOT NULL,
    product_id bigint NOT NULL,
    CONSTRAINT orders_cartitem_quantity_check CHECK ((quantity >= 0))
);


ALTER TABLE public.orders_cartitem OWNER TO postgres;

--
-- Name: orders_cartitem_id_seq; Type: SEQUENCE; Schema: public; Owner: postgres
--

ALTER TABLE public.orders_cartitem ALTER COLUMN id ADD GENERATED BY DEFAULT AS IDENTITY (
    SEQUENCE NAME public.orders_cartitem_id_seq
    START WITH 1
    INCREMENT BY 1
    NO MINVALUE
    NO MAXVALUE
    CACHE 1
);


--
-- Name: orders_order; Type: TABLE; Schema: public; Owner: postgres
--

CREATE TABLE public.orders_order (
    id bigint NOT NULL,
    created_at timestamp with time zone NOT NULL,
    updated_at timestamp with time zone NOT NULL,
    status character varying(20) NOT NULL,
    price integer NOT NULL,
    delivery_method character varying(10) NOT NULL,
    contact_method character varying(10) NOT NULL,
    contact_info character varying(255) NOT NULL,
    address character varying(255),
    user_id bigint NOT NULL
);


ALTER TABLE public.orders_order OWNER TO postgres;

--
-- Name: orders_order_id_seq; Type: SEQUENCE; Schema: public; Owner: postgres
--

ALTER TABLE public.orders_order ALTER COLUMN id ADD GENERATED BY DEFAULT AS IDENTITY (
    SEQUENCE NAME public.orders_order_id_seq
    START WITH 1
    INCREMENT BY 1
    NO MINVALUE
    NO MAXVALUE
    CACHE 1
);


--
-- Name: orders_orderitem; Type: TABLE; Schema: public; Owner: postgres
--

CREATE TABLE public.orders_orderitem (
    id bigint NOT NULL,
    quantity integer NOT NULL,
    price integer NOT NULL,
    order_id bigint NOT NULL,
    product_id bigint NOT NULL,
    CONSTRAINT orders_orderitem_quantity_check CHECK ((quantity >= 0))
);


ALTER TABLE public.orders_orderitem OWNER TO postgres;

--
-- Name: orders_orderitem_id_seq; Type: SEQUENCE; Schema: public; Owner: postgres
--

ALTER TABLE public.orders_orderitem ALTER COLUMN id ADD GENERATED BY DEFAULT AS IDENTITY (
    SEQUENCE NAME public.orders_orderitem_id_seq
    START WITH 1
    INCREMENT BY 1
    NO MINVALUE
    NO MAXVALUE
    CACHE 1
);


--
-- Name: products_attribute; Type: TABLE; Schema: public; Owner: postgres
--

CREATE TABLE public.products_attribute (
    id bigint NOT NULL,
    name character varying(100) NOT NULL
);


ALTER TABLE public.products_attribute OWNER TO postgres;

--
-- Name: products_attribute_id_seq; Type: SEQUENCE; Schema: public; Owner: postgres
--

ALTER TABLE public.products_attribute ALTER COLUMN id ADD GENERATED BY DEFAULT AS IDENTITY (
    SEQUENCE NAME public.products_attribute_id_seq
    START WITH 1
    INCREMENT BY 1
    NO MINVALUE
    NO MAXVALUE
    CACHE 1
);


--
-- Name: products_attributevalue; Type: TABLE; Schema: public; Owner: postgres
--

CREATE TABLE public.products_attributevalue (
    id bigint NOT NULL,
    value character varying(255) NOT NULL,
    attribute_id bigint NOT NULL
);


ALTER TABLE public.products_attributevalue OWNER TO postgres;

--
-- Name: products_attributevalue_id_seq; Type: SEQUENCE; Schema: public; Owner: postgres
--

ALTER TABLE public.products_attributevalue ALTER COLUMN id ADD GENERATED BY DEFAULT AS IDENTITY (
    SEQUENCE NAME public.products_attributevalue_id_seq
    START WITH 1
    INCREMENT BY 1
    NO MINVALUE
    NO MAXVALUE
    CACHE 1
);


--
-- Name: products_category; Type: TABLE; Schema: public; Owner: postgres
--

CREATE TABLE public.products_category (
    id bigint NOT NULL,
    name character varying(100) NOT NULL,
    image character varying(100),
    parent_id bigint
);


ALTER TABLE public.products_category OWNER TO postgres;

--
-- Name: products_category_id_seq; Type: SEQUENCE; Schema: public; Owner: postgres
--

ALTER TABLE public.products_category ALTER COLUMN id ADD GENERATED BY DEFAULT AS IDENTITY (
    SEQUENCE NAME public.products_category_id_seq
    START WITH 1
    INCREMENT BY 1
    NO MINVALUE
    NO MAXVALUE
    CACHE 1
);


--
-- Name: products_favorite; Type: TABLE; Schema: public; Owner: postgres
--

CREATE TABLE public.products_favorite (
    id bigint NOT NULL,
    created_at timestamp with time zone NOT NULL,
    user_id bigint NOT NULL,
    product_id bigint NOT NULL
);


ALTER TABLE public.products_favorite OWNER TO postgres;

--
-- Name: products_favorite_id_seq; Type: SEQUENCE; Schema: public; Owner: postgres
--

ALTER TABLE public.products_favorite ALTER COLUMN id ADD GENERATED BY DEFAULT AS IDENTITY (
    SEQUENCE NAME public.products_favorite_id_seq
    START WITH 1
    INCREMENT BY 1
    NO MINVALUE
    NO MAXVALUE
    CACHE 1
);


--
-- Name: products_filter; Type: TABLE; Schema: public; Owner: postgres
--

CREATE TABLE public.products_filter (
    id bigint NOT NULL,
    attribute_id bigint NOT NULL,
    category_id bigint NOT NULL
);


ALTER TABLE public.products_filter OWNER TO postgres;

--
-- Name: products_filter_id_seq; Type: SEQUENCE; Schema: public; Owner: postgres
--

ALTER TABLE public.products_filter ALTER COLUMN id ADD GENERATED BY DEFAULT AS IDENTITY (
    SEQUENCE NAME public.products_filter_id_seq
    START WITH 1
    INCREMENT BY 1
    NO MINVALUE
    NO MAXVALUE
    CACHE 1
);


--
-- Name: products_pricehistory; Type: TABLE; Schema: public; Owner: postgres
--

CREATE TABLE public.products_pricehistory (
    id bigint NOT NULL,
    price integer NOT NULL,
    date_changed timestamp with time zone NOT NULL,
    product_id bigint NOT NULL
);


ALTER TABLE public.products_pricehistory OWNER TO postgres;

--
-- Name: products_pricehistory_id_seq; Type: SEQUENCE; Schema: public; Owner: postgres
--

ALTER TABLE public.products_pricehistory ALTER COLUMN id ADD GENERATED BY DEFAULT AS IDENTITY (
    SEQUENCE NAME public.products_pricehistory_id_seq
    START WITH 1
    INCREMENT BY 1
    NO MINVALUE
    NO MAXVALUE
    CACHE 1
);


--
-- Name: products_product; Type: TABLE; Schema: public; Owner: postgres
--

CREATE TABLE public.products_product (
    id bigint NOT NULL,
    name character varying(100) NOT NULL,
    short_characteristics text NOT NULL,
    description text NOT NULL,
    price integer NOT NULL,
    count integer NOT NULL,
    count_of_orders integer NOT NULL,
    count_of_likes integer NOT NULL,
    category_id bigint
);


ALTER TABLE public.products_product OWNER TO postgres;

--
-- Name: products_product_id_seq; Type: SEQUENCE; Schema: public; Owner: postgres
--

ALTER TABLE public.products_product ALTER COLUMN id ADD GENERATED BY DEFAULT AS IDENTITY (
    SEQUENCE NAME public.products_product_id_seq
    START WITH 1
    INCREMENT BY 1
    NO MINVALUE
    NO MAXVALUE
    CACHE 1
);


--
-- Name: products_productattribute; Type: TABLE; Schema: public; Owner: postgres
--

CREATE TABLE public.products_productattribute (
    id bigint NOT NULL,
    attribute_value_id bigint NOT NULL,
    product_id bigint NOT NULL
);


ALTER TABLE public.products_productattribute OWNER TO postgres;

--
-- Name: products_productattribute_id_seq; Type: SEQUENCE; Schema: public; Owner: postgres
--

ALTER TABLE public.products_productattribute ALTER COLUMN id ADD GENERATED BY DEFAULT AS IDENTITY (
    SEQUENCE NAME public.products_productattribute_id_seq
    START WITH 1
    INCREMENT BY 1
    NO MINVALUE
    NO MAXVALUE
    CACHE 1
);


--
-- Name: products_productphoto; Type: TABLE; Schema: public; Owner: postgres
--

CREATE TABLE public.products_productphoto (
    id bigint NOT NULL,
    photo character varying(100) NOT NULL,
    product_id bigint NOT NULL
);


ALTER TABLE public.products_productphoto OWNER TO postgres;

--
-- Name: products_productphoto_id_seq; Type: SEQUENCE; Schema: public; Owner: postgres
--

ALTER TABLE public.products_productphoto ALTER COLUMN id ADD GENERATED BY DEFAULT AS IDENTITY (
    SEQUENCE NAME public.products_productphoto_id_seq
    START WITH 1
    INCREMENT BY 1
    NO MINVALUE
    NO MAXVALUE
    CACHE 1
);


--
-- Name: users_user; Type: TABLE; Schema: public; Owner: postgres
--

CREATE TABLE public.users_user (
    id bigint NOT NULL,
    password character varying(128) NOT NULL,
    last_login timestamp with time zone,
    is_superuser boolean NOT NULL,
    username character varying(150) NOT NULL,
    first_name character varying(150) NOT NULL,
    last_name character varying(150) NOT NULL,
    email character varying(254) NOT NULL,
    is_staff boolean NOT NULL,
    is_active boolean NOT NULL,
    date_joined timestamp with time zone NOT NULL,
    avatar character varying(100),
    phone_number character varying(11)
);


ALTER TABLE public.users_user OWNER TO postgres;

--
-- Name: users_user_groups; Type: TABLE; Schema: public; Owner: postgres
--

CREATE TABLE public.users_user_groups (
    id bigint NOT NULL,
    user_id bigint NOT NULL,
    group_id integer NOT NULL
);


ALTER TABLE public.users_user_groups OWNER TO postgres;

--
-- Name: users_user_groups_id_seq; Type: SEQUENCE; Schema: public; Owner: postgres
--

ALTER TABLE public.users_user_groups ALTER COLUMN id ADD GENERATED BY DEFAULT AS IDENTITY (
    SEQUENCE NAME public.users_user_groups_id_seq
    START WITH 1
    INCREMENT BY 1
    NO MINVALUE
    NO MAXVALUE
    CACHE 1
);


--
-- Name: users_user_id_seq; Type: SEQUENCE; Schema: public; Owner: postgres
--

ALTER TABLE public.users_user ALTER COLUMN id ADD GENERATED BY DEFAULT AS IDENTITY (
    SEQUENCE NAME public.users_user_id_seq
    START WITH 1
    INCREMENT BY 1
    NO MINVALUE
    NO MAXVALUE
    CACHE 1
);


--
-- Name: users_user_user_permissions; Type: TABLE; Schema: public; Owner: postgres
--

CREATE TABLE public.users_user_user_permissions (
    id bigint NOT NULL,
    user_id bigint NOT NULL,
    permission_id integer NOT NULL
);


ALTER TABLE public.users_user_user_permissions OWNER TO postgres;

--
-- Name: users_user_user_permissions_id_seq; Type: SEQUENCE; Schema: public; Owner: postgres
--

ALTER TABLE public.users_user_user_permissions ALTER COLUMN id ADD GENERATED BY DEFAULT AS IDENTITY (
    SEQUENCE NAME public.users_user_user_permissions_id_seq
    START WITH 1
    INCREMENT BY 1
    NO MINVALUE
    NO MAXVALUE
    CACHE 1
);


--
-- Data for Name: auth_group; Type: TABLE DATA; Schema: public; Owner: postgres
--

COPY public.auth_group (id, name) FROM stdin;
\.


--
-- Data for Name: auth_group_permissions; Type: TABLE DATA; Schema: public; Owner: postgres
--

COPY public.auth_group_permissions (id, group_id, permission_id) FROM stdin;
\.


--
-- Data for Name: auth_permission; Type: TABLE DATA; Schema: public; Owner: postgres
--

COPY public.auth_permission (id, name, content_type_id, codename) FROM stdin;
1	Can add log entry	1	add_logentry
2	Can change log entry	1	change_logentry
3	Can delete log entry	1	delete_logentry
4	Can view log entry	1	view_logentry
5	Can add permission	2	add_permission
6	Can change permission	2	change_permission
7	Can delete permission	2	delete_permission
8	Can view permission	2	view_permission
9	Can add group	3	add_group
10	Can change group	3	change_group
11	Can delete group	3	delete_group
12	Can view group	3	view_group
13	Can add content type	4	add_contenttype
14	Can change content type	4	change_contenttype
15	Can delete content type	4	delete_contenttype
16	Can view content type	4	view_contenttype
17	Can add session	5	add_session
18	Can change session	5	change_session
19	Can delete session	5	delete_session
20	Can view session	5	view_session
21	Can add user	6	add_user
22	Can change user	6	change_user
23	Can delete user	6	delete_user
24	Can view user	6	view_user
25	Can add Характеристика	7	add_attribute
26	Can change Характеристика	7	change_attribute
27	Can delete Характеристика	7	delete_attribute
28	Can view Характеристика	7	view_attribute
29	Can add Лайк	8	add_favorite
30	Can change Лайк	8	change_favorite
31	Can delete Лайк	8	delete_favorite
32	Can view Лайк	8	view_favorite
33	Can add Фильтр	9	add_filter
34	Can change Фильтр	9	change_filter
35	Can delete Фильтр	9	delete_filter
36	Can view Фильтр	9	view_filter
37	Can add история цен	10	add_pricehistory
38	Can change история цен	10	change_pricehistory
39	Can delete история цен	10	delete_pricehistory
40	Can view история цен	10	view_pricehistory
41	Can add товар	11	add_product
42	Can change товар	11	change_product
43	Can delete товар	11	delete_product
44	Can view товар	11	view_product
45	Can add Характеристики товаров	12	add_productattribute
46	Can change Характеристики товаров	12	change_productattribute
47	Can delete Характеристики товаров	12	delete_productattribute
48	Can view Характеристики товаров	12	view_productattribute
49	Can add фото товаров	13	add_productphoto
50	Can change фото товаров	13	change_productphoto
51	Can delete фото товаров	13	delete_productphoto
52	Can view фото товаров	13	view_productphoto
53	Can add Значение характеристики	14	add_attributevalue
54	Can change Значение характеристики	14	change_attributevalue
55	Can delete Значение характеристики	14	delete_attributevalue
56	Can view Значение характеристики	14	view_attributevalue
57	Can add категория	15	add_category
58	Can change категория	15	change_category
59	Can delete категория	15	delete_category
60	Can view категория	15	view_category
61	Can add Корзина	16	add_cart
62	Can change Корзина	16	change_cart
63	Can delete Корзина	16	delete_cart
64	Can view Корзина	16	view_cart
65	Can add Элемент корзины	17	add_cartitem
66	Can change Элемент корзины	17	change_cartitem
67	Can delete Элемент корзины	17	delete_cartitem
68	Can view Элемент корзины	17	view_cartitem
69	Can add Заказ	18	add_order
70	Can change Заказ	18	change_order
71	Can delete Заказ	18	delete_order
72	Can view Заказ	18	view_order
73	Can add Элемент заказа	19	add_orderitem
74	Can change Элемент заказа	19	change_orderitem
75	Can delete Элемент заказа	19	delete_orderitem
76	Can view Элемент заказа	19	view_orderitem
77	Can add комментарие товаров	20	add_productcomment
78	Can change комментарие товаров	20	change_productcomment
79	Can delete комментарие товаров	20	delete_productcomment
80	Can view комментарие товаров	20	view_productcomment
81	Can add отзыв товаров	21	add_productreview
82	Can change отзыв товаров	21	change_productreview
83	Can delete отзыв товаров	21	delete_productreview
84	Can view отзыв товаров	21	view_productreview
85	Can add ответ на отзывы	22	add_productreviewcomment
86	Can change ответ на отзывы	22	change_productreviewcomment
87	Can delete ответ на отзывы	22	delete_productreviewcomment
88	Can view ответ на отзывы	22	view_productreviewcomment
89	Can add комментарие пользователей	23	add_usercomment
90	Can change комментарие пользователей	23	change_usercomment
91	Can delete комментарие пользователей	23	delete_usercomment
92	Can view комментарие пользователей	23	view_usercomment
\.


--
-- Data for Name: community_productcomment; Type: TABLE DATA; Schema: public; Owner: postgres
--

COPY public.community_productcomment (id, text, created_at, author_id, parent_id, product_id) FROM stdin;
\.


--
-- Data for Name: community_productreview; Type: TABLE DATA; Schema: public; Owner: postgres
--

COPY public.community_productreview (id, text, created_at, rating, author_id, product_id) FROM stdin;
\.


--
-- Data for Name: community_productreviewcomment; Type: TABLE DATA; Schema: public; Owner: postgres
--

COPY public.community_productreviewcomment (id, text, created_at, author_id, review_id) FROM stdin;
\.


--
-- Data for Name: community_usercomment; Type: TABLE DATA; Schema: public; Owner: postgres
--

COPY public.community_usercomment (id, text, created_at, author_id, parent_id, user_id) FROM stdin;
\.


--
-- Data for Name: django_admin_log; Type: TABLE DATA; Schema: public; Owner: postgres
--

COPY public.django_admin_log (id, action_time, object_id, object_repr, action_flag, change_message, content_type_id, user_id) FROM stdin;
1	2024-08-28 00:23:08.323902+03	1	Видеокарты	1	[{"added": {}}]	15	1
2	2024-08-28 00:23:38.394762+03	1	Видюха GTX 1660 SUPER	1	[{"added": {}}]	11	1
3	2024-08-28 03:55:34.209178+03	15	Комплектующие для ПК	1	[{"added": {}}]	15	1
4	2024-08-28 03:55:39.344556+03	15	Комплектующие для ПК -> Видеокарты	2	[{"changed": {"fields": ["Parent"]}}]	15	1
5	2024-08-28 03:55:45.192561+03	15	Комплектующие для ПК	2	[{"changed": {"fields": ["Parent"]}}]	15	1
6	2024-08-28 03:56:00.300388+03	16	Периферия и аксессуары	1	[{"added": {}}]	15	1
7	2024-08-28 03:56:05.339154+03	14	Мышки -> Периферия и аксессуары	2	[{"changed": {"fields": ["Parent"]}}]	15	1
8	2024-08-28 03:56:09.843276+03	13	Клавиатуры -> Периферия и аксессуары	2	[{"changed": {"fields": ["Parent"]}}]	15	1
9	2024-08-28 03:56:14.870952+03	12	Коврики -> Периферия и аксессуары	2	[{"changed": {"fields": ["Parent"]}}]	15	1
10	2024-08-28 03:56:24.738305+03	11	Мониторы -> Периферия и аксессуары	2	[{"changed": {"fields": ["Parent"]}}]	15	1
11	2024-08-28 03:56:35.427921+03	10	Корпуса -> Комплектующие для ПК	2	[{"changed": {"fields": ["Parent"]}}]	15	1
12	2024-08-28 03:56:41.611582+03	9	Блоки питания -> Корпуса	2	[{"changed": {"fields": ["Parent"]}}]	15	1
13	2024-08-28 03:56:49.233155+03	8	Охлаждение -> Комплектующие для ПК	2	[{"changed": {"fields": ["Parent"]}}]	15	1
14	2024-08-28 03:56:56.472807+03	7	Накопители -> Комплектующие для ПК	2	[{"changed": {"fields": ["Parent"]}}]	15	1
15	2024-08-28 03:57:05.443983+03	6	Оперативная память -> Комплектующие для ПК	2	[{"changed": {"fields": ["Parent"]}}]	15	1
16	2024-08-28 03:57:10.036002+03	5	Материнские платы -> Комплектующие для ПК	2	[{"changed": {"fields": ["Parent"]}}]	15	1
17	2024-08-28 03:57:21.307202+03	3	Комплекты (мать + проц + озу) -> Комплектующие для ПК	2	[{"changed": {"fields": ["Parent"]}}]	15	1
18	2024-08-28 03:57:28.376607+03	1	Видеокарты -> Комплектующие для ПК	2	[{"changed": {"fields": ["Parent"]}}]	15	1
19	2024-08-28 03:58:36.521467+03	9	Блоки питания -> Корпуса	2	[]	15	1
20	2024-08-28 03:58:51.042966+03	9	Блоки питания -> Комплектующие для ПК	2	[{"changed": {"fields": ["Parent"]}}]	15	1
21	2024-08-28 03:58:57.136546+03	4	Процессоры -> Комплектующие для ПК	2	[{"changed": {"fields": ["Parent"]}}]	15	1
22	2024-08-28 04:03:49.175238+03	71	Logitech G502 Hero Black	3		11	1
\.


--
-- Data for Name: django_content_type; Type: TABLE DATA; Schema: public; Owner: postgres
--

COPY public.django_content_type (id, app_label, model) FROM stdin;
1	admin	logentry
2	auth	permission
3	auth	group
4	contenttypes	contenttype
5	sessions	session
6	users	user
7	products	attribute
8	products	favorite
9	products	filter
10	products	pricehistory
11	products	product
12	products	productattribute
13	products	productphoto
14	products	attributevalue
15	products	category
16	orders	cart
17	orders	cartitem
18	orders	order
19	orders	orderitem
20	community	productcomment
21	community	productreview
22	community	productreviewcomment
23	community	usercomment
\.


--
-- Data for Name: django_migrations; Type: TABLE DATA; Schema: public; Owner: postgres
--

COPY public.django_migrations (id, app, name, applied) FROM stdin;
1	contenttypes	0001_initial	2024-08-28 00:19:41.146531+03
2	contenttypes	0002_remove_content_type_name	2024-08-28 00:19:41.149556+03
3	auth	0001_initial	2024-08-28 00:19:41.186393+03
4	auth	0002_alter_permission_name_max_length	2024-08-28 00:19:41.188395+03
5	auth	0003_alter_user_email_max_length	2024-08-28 00:19:41.191395+03
6	auth	0004_alter_user_username_opts	2024-08-28 00:19:41.194396+03
7	auth	0005_alter_user_last_login_null	2024-08-28 00:19:41.196397+03
8	auth	0006_require_contenttypes_0002	2024-08-28 00:19:41.197397+03
9	auth	0007_alter_validators_add_error_messages	2024-08-28 00:19:41.199397+03
10	auth	0008_alter_user_username_max_length	2024-08-28 00:19:41.201398+03
11	auth	0009_alter_user_last_name_max_length	2024-08-28 00:19:41.204398+03
12	auth	0010_alter_group_name_max_length	2024-08-28 00:19:41.2084+03
13	auth	0011_update_proxy_permissions	2024-08-28 00:19:41.2114+03
14	auth	0012_alter_user_first_name_max_length	2024-08-28 00:19:41.2144+03
15	users	0001_initial	2024-08-28 00:19:41.250413+03
16	admin	0001_initial	2024-08-28 00:19:41.268212+03
17	admin	0002_logentry_remove_auto_add	2024-08-28 00:19:41.271214+03
18	admin	0003_logentry_add_action_flag_choices	2024-08-28 00:19:41.275215+03
19	products	0001_initial	2024-08-28 00:19:41.322424+03
20	community	0001_initial	2024-08-28 00:19:41.34782+03
21	community	0002_initial	2024-08-28 00:19:41.423901+03
22	orders	0001_initial	2024-08-28 00:19:41.445848+03
23	orders	0002_initial	2024-08-28 00:19:41.503836+03
24	products	0002_initial	2024-08-28 00:19:41.615839+03
25	sessions	0001_initial	2024-08-28 00:19:41.625879+03
\.


--
-- Data for Name: django_session; Type: TABLE DATA; Schema: public; Owner: postgres
--

COPY public.django_session (session_key, session_data, expire_date) FROM stdin;
s5fdwiycwf9oypxevw6jl8vjtz2zeum5	.eJxVjDsOwjAQBe_iGln-Kl5Kes5grb1rHEC2FCcV4u4QKQW0b2beS0Tc1hq3wUucSZyFFqffLWF-cNsB3bHdusy9rcuc5K7Igw557cTPy-H-HVQc9VubiVmx0yWwDjB5AmeNxmRIGWDE4skYKGiTY0Au2QVlFSuvwQJiEO8P5v43_w:1sj3eT:mBJDmqILXUZE-4GSPooeAmLqf_4DuJg4_fvNKYRNWrw	2024-09-11 00:22:57.789332+03
\.


--
-- Data for Name: orders_cart; Type: TABLE DATA; Schema: public; Owner: postgres
--

COPY public.orders_cart (id, created_at, updated_at, user_id) FROM stdin;
1	2024-08-28 03:47:11.69407+03	2024-08-28 03:47:11.69407+03	1
\.


--
-- Data for Name: orders_cartitem; Type: TABLE DATA; Schema: public; Owner: postgres
--

COPY public.orders_cartitem (id, quantity, created_at, updated_at, cart_id, product_id) FROM stdin;
\.


--
-- Data for Name: orders_order; Type: TABLE DATA; Schema: public; Owner: postgres
--

COPY public.orders_order (id, created_at, updated_at, status, price, delivery_method, contact_method, contact_info, address, user_id) FROM stdin;
\.


--
-- Data for Name: orders_orderitem; Type: TABLE DATA; Schema: public; Owner: postgres
--

COPY public.orders_orderitem (id, quantity, price, order_id, product_id) FROM stdin;
\.


--
-- Data for Name: products_attribute; Type: TABLE DATA; Schema: public; Owner: postgres
--

COPY public.products_attribute (id, name) FROM stdin;
\.


--
-- Data for Name: products_attributevalue; Type: TABLE DATA; Schema: public; Owner: postgres
--

COPY public.products_attributevalue (id, value, attribute_id) FROM stdin;
\.


--
-- Data for Name: products_category; Type: TABLE DATA; Schema: public; Owner: postgres
--

COPY public.products_category (id, name, image, parent_id) FROM stdin;
2	Готовые сборки		\N
15	Комплектующие для ПК		\N
16	Периферия и аксессуары		\N
14	Мышки		16
13	Клавиатуры		16
12	Коврики		16
11	Мониторы		16
10	Корпуса		15
8	Охлаждение		15
7	Накопители		15
6	Оперативная память		15
5	Материнские платы		15
3	Комплекты (мать + проц + озу)		15
1	Видеокарты		15
9	Блоки питания		15
4	Процессоры		15
\.


--
-- Data for Name: products_favorite; Type: TABLE DATA; Schema: public; Owner: postgres
--

COPY public.products_favorite (id, created_at, user_id, product_id) FROM stdin;
\.


--
-- Data for Name: products_filter; Type: TABLE DATA; Schema: public; Owner: postgres
--

COPY public.products_filter (id, attribute_id, category_id) FROM stdin;
\.


--
-- Data for Name: products_pricehistory; Type: TABLE DATA; Schema: public; Owner: postgres
--

COPY public.products_pricehistory (id, price, date_changed, product_id) FROM stdin;
1	12555	2024-08-28 00:23:38.393762+03	1
2	27500	2024-08-28 03:54:54.955286+03	2
3	12000	2024-08-28 03:54:54.9661+03	3
4	12000	2024-08-28 03:54:54.968098+03	4
5	11000	2024-08-28 03:54:54.969099+03	5
6	8500	2024-08-28 03:54:54.971617+03	6
7	9000	2024-08-28 03:54:54.972937+03	7
8	7500	2024-08-28 03:54:54.975937+03	8
9	7700	2024-08-28 03:54:54.977938+03	9
10	5200	2024-08-28 03:54:54.978938+03	10
11	5500	2024-08-28 03:54:54.980441+03	11
12	7100	2024-08-28 03:54:54.982471+03	12
13	7000	2024-08-28 03:54:54.983472+03	13
14	5200	2024-08-28 03:54:54.985472+03	14
15	5800	2024-08-28 03:54:54.987473+03	15
16	6000	2024-08-28 03:54:54.988473+03	16
17	5500	2024-08-28 03:54:54.989474+03	17
18	5000	2024-08-28 03:54:54.9915+03	18
19	1000	2024-08-28 03:54:54.993797+03	19
20	800	2024-08-28 03:54:54.995137+03	20
21	3500	2024-08-28 03:54:54.996136+03	21
22	4000	2024-08-28 03:54:54.998137+03	22
23	1000	2024-08-28 03:54:54.999138+03	23
24	1300	2024-08-28 03:54:55.00082+03	24
25	2000	2024-08-28 03:54:55.003141+03	25
26	2000	2024-08-28 03:54:55.003648+03	26
27	3500	2024-08-28 03:54:55.006142+03	27
28	1700	2024-08-28 03:54:55.007142+03	28
29	3000	2024-08-28 03:54:55.008142+03	29
30	4500	2024-08-28 03:54:55.009143+03	30
31	6500	2024-08-28 03:54:55.011658+03	31
32	1000	2024-08-28 03:54:55.012657+03	32
33	2000	2024-08-28 03:54:55.014658+03	33
34	1800	2024-08-28 03:54:55.016657+03	34
35	1800	2024-08-28 03:54:55.018659+03	35
36	1700	2024-08-28 03:54:55.018659+03	36
37	500	2024-08-28 03:54:55.021172+03	37
38	200	2024-08-28 03:54:55.022428+03	38
39	200	2024-08-28 03:54:55.024607+03	39
40	250	2024-08-28 03:54:55.025607+03	40
41	1000	2024-08-28 03:54:55.026608+03	41
42	28500	2024-08-28 03:54:55.02861+03	42
43	19500	2024-08-28 03:54:55.030608+03	43
44	14000	2024-08-28 03:54:55.031826+03	44
45	13500	2024-08-28 03:54:55.033826+03	45
46	13000	2024-08-28 03:54:55.034826+03	46
47	13001	2024-08-28 03:54:55.036826+03	45
48	13002	2024-08-28 03:54:55.037826+03	46
49	3200	2024-08-28 03:54:55.040331+03	47
50	5000	2024-08-28 03:54:55.041347+03	48
51	5200	2024-08-28 03:54:55.042598+03	49
52	2500	2024-08-28 03:54:55.044601+03	50
53	3300	2024-08-28 03:54:55.0456+03	51
54	3200	2024-08-28 03:54:55.0476+03	52
55	4900	2024-08-28 03:54:55.048601+03	53
56	4400	2024-08-28 03:54:55.049601+03	54
57	3500	2024-08-28 03:54:55.051985+03	55
58	3500	2024-08-28 03:54:55.052985+03	56
59	3500	2024-08-28 03:54:55.053986+03	57
60	4600	2024-08-28 03:54:55.055987+03	58
61	5000	2024-08-28 03:54:55.056987+03	59
62	3900	2024-08-28 03:54:55.058987+03	60
63	4800	2024-08-28 03:54:55.060492+03	61
64	4900	2024-08-28 03:54:55.062581+03	62
65	2500	2024-08-28 03:54:55.064581+03	63
66	16500	2024-08-28 03:54:55.06658+03	64
67	13500	2024-08-28 03:54:55.06758+03	65
68	1000	2024-08-28 03:54:55.069581+03	66
69	1600	2024-08-28 03:54:55.070751+03	67
70	2000	2024-08-28 03:54:55.072753+03	68
71	1600	2024-08-28 03:54:55.073754+03	69
72	2600	2024-08-28 03:54:55.075754+03	70
74	13500	2024-08-28 04:01:30.892159+03	45
75	13000	2024-08-28 04:01:30.895161+03	46
76	13001	2024-08-28 04:01:30.89857+03	45
77	13002	2024-08-28 04:01:30.90057+03	46
\.


--
-- Data for Name: products_product; Type: TABLE DATA; Schema: public; Owner: postgres
--

COPY public.products_product (id, name, short_characteristics, description, price, count, count_of_orders, count_of_likes, category_id) FROM stdin;
1	Видюха GTX 1660 SUPER	Видеокарта		12555	4	0	0	1
9	Intel i5-10400f			7700	1	1	0	4
45	palit gtx 1660 super			13001	1	0	0	1
49	DEEPCOOL PK750D 750W			5200	2	0	0	9
2	Белая сборка i3-10100f/gtx1660s/16gb/512gb/h410			27500	0	1	0	2
3	Cборка fx8300/gtx7502gb/8gb/120gb/500gb			12000	1	0	0	2
4	Комлект e5-2670v3 16gb Machinist (белая)			12000	1	1	0	3
5	Комлект e5-2670v3 16gb Machinist (большая)			11000	0	2	0	3
6	Комлект e5-2670v3 16gb Kllisre (маленькая)			8500	0	2	0	3
10	Intel i3 10105f			5200	5	0	0	4
7	Комлект e5-2650v4 16gb Kllisre (маленькая)			9000	1	0	0	3
8	Комлект e5-2650v4 16gb Machinist (маленькая)			7500	1	1	0	3
11	Intel i3 10100f			5500	2	1	0	4
12	Ryzen 5 3600			7100	1	1	0	4
13	Intel i3-12100f			7000	2	0	0	4
14	Gigabyte H410M H V2			5200	0	1	0	5
15	MSI H510M-B			5800	0	1	0	5
16	Asus Prime B450M-K ll			6000	0	1	0	5
17	Onda B450S			5500	1	0	0	5
18	GIGABYTE (A520M K V2)			5000	2	0	0	5
19	Ram 8gb 1600mhz Walram			1000	0	20	0	6
20	Ram 8gb 1600mhz Weimu			800	0	20	0	6
21	Ram 8gb x2 3200mhz Juhor			3500	4	3	0	6
22	Ram 8gb x2 3200mhz Jazer Argb			4000	3	12	0	6
23	sata ssd 120gb Walram			1000	0	5	0	7
24	sata ssd 256gb XrayDisk			1300	0	5	0	7
25	sata ssd 512gb XrayDisk			2000	2	13	0	7
26	sata ssd 512gb Walram			2000	0	5	0	7
27	sata ssd 1tb Walram			3500	3	8	0	7
28	nvme ssd 256gb Walram			1700	0	3	0	7
29	nvme ssd 500gb Netac (3500mb/s)			3000	0	3	0	7
30	nvme ssd 1tb pro XrayDisk			4500	0	2	0	7
31	nvme ssd 1tb Netac (7200mb/s)			6500	1	0	0	7
32	sata ssd 128gb Radeon			1000	10	15	0	7
33	Id Colling SE-214 XT White Argb			2000	0	1	0	8
34	Id Colling SE-214 XT WL White 			1800	2	1	0	8
35	Id Colling SE-214 XT Ring			1800	2	1	0	8
36	Cooler fan LC-400A			1700	5	0	0	8
37	Кулера ARGB W Iwongou			500	30	0	0	8
38	Кулера с белой подсветкой			200	8	4	0	8
39	Кулера с красной подсветкой			200	12	0	0	8
40	Белые кулера Deepcool			250	12	0	0	8
41	Башенный кулер TJ G20			1000	2	0	0	8
42	msi rtx 3070 ventus dual			28500	0	1	0	1
43	msi rtx 2070 super ventus			19500	0	1	0	1
44	asus gtx 1080 strix			14000	0	1	0	1
50	AeroCool VX-500 PLUS 500W			2500	5	0	0	9
51	Корпус Warrior White			3300	2	0	0	10
46	gigabyte gtx 1660 super			13002	1	0	0	1
47	Блок питания Zircon 700W			3200	2	3	0	9
48	Блок питания Deepcool PF700W			5000	1	0	0	9
52	Корпус Warrior Black			3200	0	1	0	10
53	Корпус Powercase X4W			4900	2	0	0	10
54	Корпус Code Explorer GC-NX6			4400	1	0	0	10
55	Корпус Warrior Z8			3500	1	0	0	10
56	Корпус Ginzzu V300 Black			3500	1	1	0	10
57	Корпус Ginzzu V400 White			3500	2	2	0	10
58	Корпус Powercase Phombus X4			4600	1	0	0	10
59	Корпус Darkflash DK352			5000	1	0	0	10
60	Корпус 1STPLAYER MIKU Mi2-A Black			3900	2	0	0	10
61	Корпус ALSEYE ATX Spider-B (5 fans) 			4800	0	1	0	10
62	Корпус ALSEYE ATX Spider-W (5 fans) 			4900	1	0	0	10
63	Корпус Ginzzu CL160			2500	1	0	0	10
64	Монитор AOC 27G2SAE (165гц)			16500	0	2	0	11
65	Монитор Xiaomi 27 144гц			13500	1	1	0	11
66	Коврики черные с самураем			1000	3	0	0	12
67	Клавиатура Oklick 969g			1600	3	2	0	13
68	Клавиатура Redragon Fizz K617			2000	2	1	0	13
69	Logitech g102			1600	1	1	0	14
70	Logitech g304			2600	6	2	0	14
\.


--
-- Data for Name: products_productattribute; Type: TABLE DATA; Schema: public; Owner: postgres
--

COPY public.products_productattribute (id, attribute_value_id, product_id) FROM stdin;
\.


--
-- Data for Name: products_productphoto; Type: TABLE DATA; Schema: public; Owner: postgres
--

COPY public.products_productphoto (id, photo, product_id) FROM stdin;
\.


--
-- Data for Name: users_user; Type: TABLE DATA; Schema: public; Owner: postgres
--

COPY public.users_user (id, password, last_login, is_superuser, username, first_name, last_name, email, is_staff, is_active, date_joined, avatar, phone_number) FROM stdin;
1	pbkdf2_sha256$720000$tInYZehAUCZmRRaFMJwD5x$pwf/5R7inV1JjCQdvjEa04HYEkiIn1X5+OFf7IQmHHQ=	2024-08-28 00:22:57.78833+03	t	admin				t	t	2024-08-28 00:22:37.291147+03		\N
\.


--
-- Data for Name: users_user_groups; Type: TABLE DATA; Schema: public; Owner: postgres
--

COPY public.users_user_groups (id, user_id, group_id) FROM stdin;
\.


--
-- Data for Name: users_user_user_permissions; Type: TABLE DATA; Schema: public; Owner: postgres
--

COPY public.users_user_user_permissions (id, user_id, permission_id) FROM stdin;
\.


--
-- Name: auth_group_id_seq; Type: SEQUENCE SET; Schema: public; Owner: postgres
--

SELECT pg_catalog.setval('public.auth_group_id_seq', 1, false);


--
-- Name: auth_group_permissions_id_seq; Type: SEQUENCE SET; Schema: public; Owner: postgres
--

SELECT pg_catalog.setval('public.auth_group_permissions_id_seq', 1, false);


--
-- Name: auth_permission_id_seq; Type: SEQUENCE SET; Schema: public; Owner: postgres
--

SELECT pg_catalog.setval('public.auth_permission_id_seq', 92, true);


--
-- Name: community_productcomment_id_seq; Type: SEQUENCE SET; Schema: public; Owner: postgres
--

SELECT pg_catalog.setval('public.community_productcomment_id_seq', 1, false);


--
-- Name: community_productreview_id_seq; Type: SEQUENCE SET; Schema: public; Owner: postgres
--

SELECT pg_catalog.setval('public.community_productreview_id_seq', 1, false);


--
-- Name: community_productreviewcomment_id_seq; Type: SEQUENCE SET; Schema: public; Owner: postgres
--

SELECT pg_catalog.setval('public.community_productreviewcomment_id_seq', 1, false);


--
-- Name: community_usercomment_id_seq; Type: SEQUENCE SET; Schema: public; Owner: postgres
--

SELECT pg_catalog.setval('public.community_usercomment_id_seq', 1, false);


--
-- Name: django_admin_log_id_seq; Type: SEQUENCE SET; Schema: public; Owner: postgres
--

SELECT pg_catalog.setval('public.django_admin_log_id_seq', 21, true);


--
-- Name: django_content_type_id_seq; Type: SEQUENCE SET; Schema: public; Owner: postgres
--

SELECT pg_catalog.setval('public.django_content_type_id_seq', 23, true);


--
-- Name: django_migrations_id_seq; Type: SEQUENCE SET; Schema: public; Owner: postgres
--

SELECT pg_catalog.setval('public.django_migrations_id_seq', 25, true);


--
-- Name: orders_cart_id_seq; Type: SEQUENCE SET; Schema: public; Owner: postgres
--

SELECT pg_catalog.setval('public.orders_cart_id_seq', 1, true);


--
-- Name: orders_cartitem_id_seq; Type: SEQUENCE SET; Schema: public; Owner: postgres
--

SELECT pg_catalog.setval('public.orders_cartitem_id_seq', 1, false);


--
-- Name: orders_order_id_seq; Type: SEQUENCE SET; Schema: public; Owner: postgres
--

SELECT pg_catalog.setval('public.orders_order_id_seq', 1, false);


--
-- Name: orders_orderitem_id_seq; Type: SEQUENCE SET; Schema: public; Owner: postgres
--

SELECT pg_catalog.setval('public.orders_orderitem_id_seq', 1, false);


--
-- Name: products_attribute_id_seq; Type: SEQUENCE SET; Schema: public; Owner: postgres
--

SELECT pg_catalog.setval('public.products_attribute_id_seq', 1, false);


--
-- Name: products_attributevalue_id_seq; Type: SEQUENCE SET; Schema: public; Owner: postgres
--

SELECT pg_catalog.setval('public.products_attributevalue_id_seq', 1, false);


--
-- Name: products_category_id_seq; Type: SEQUENCE SET; Schema: public; Owner: postgres
--

SELECT pg_catalog.setval('public.products_category_id_seq', 16, true);


--
-- Name: products_favorite_id_seq; Type: SEQUENCE SET; Schema: public; Owner: postgres
--

SELECT pg_catalog.setval('public.products_favorite_id_seq', 1, false);


--
-- Name: products_filter_id_seq; Type: SEQUENCE SET; Schema: public; Owner: postgres
--

SELECT pg_catalog.setval('public.products_filter_id_seq', 1, false);


--
-- Name: products_pricehistory_id_seq; Type: SEQUENCE SET; Schema: public; Owner: postgres
--

SELECT pg_catalog.setval('public.products_pricehistory_id_seq', 77, true);


--
-- Name: products_product_id_seq; Type: SEQUENCE SET; Schema: public; Owner: postgres
--

SELECT pg_catalog.setval('public.products_product_id_seq', 71, true);


--
-- Name: products_productattribute_id_seq; Type: SEQUENCE SET; Schema: public; Owner: postgres
--

SELECT pg_catalog.setval('public.products_productattribute_id_seq', 1, false);


--
-- Name: products_productphoto_id_seq; Type: SEQUENCE SET; Schema: public; Owner: postgres
--

SELECT pg_catalog.setval('public.products_productphoto_id_seq', 1, false);


--
-- Name: users_user_groups_id_seq; Type: SEQUENCE SET; Schema: public; Owner: postgres
--

SELECT pg_catalog.setval('public.users_user_groups_id_seq', 1, false);


--
-- Name: users_user_id_seq; Type: SEQUENCE SET; Schema: public; Owner: postgres
--

SELECT pg_catalog.setval('public.users_user_id_seq', 1, true);


--
-- Name: users_user_user_permissions_id_seq; Type: SEQUENCE SET; Schema: public; Owner: postgres
--

SELECT pg_catalog.setval('public.users_user_user_permissions_id_seq', 1, false);


--
-- Name: auth_group auth_group_name_key; Type: CONSTRAINT; Schema: public; Owner: postgres
--

ALTER TABLE ONLY public.auth_group
    ADD CONSTRAINT auth_group_name_key UNIQUE (name);


--
-- Name: auth_group_permissions auth_group_permissions_group_id_permission_id_0cd325b0_uniq; Type: CONSTRAINT; Schema: public; Owner: postgres
--

ALTER TABLE ONLY public.auth_group_permissions
    ADD CONSTRAINT auth_group_permissions_group_id_permission_id_0cd325b0_uniq UNIQUE (group_id, permission_id);


--
-- Name: auth_group_permissions auth_group_permissions_pkey; Type: CONSTRAINT; Schema: public; Owner: postgres
--

ALTER TABLE ONLY public.auth_group_permissions
    ADD CONSTRAINT auth_group_permissions_pkey PRIMARY KEY (id);


--
-- Name: auth_group auth_group_pkey; Type: CONSTRAINT; Schema: public; Owner: postgres
--

ALTER TABLE ONLY public.auth_group
    ADD CONSTRAINT auth_group_pkey PRIMARY KEY (id);


--
-- Name: auth_permission auth_permission_content_type_id_codename_01ab375a_uniq; Type: CONSTRAINT; Schema: public; Owner: postgres
--

ALTER TABLE ONLY public.auth_permission
    ADD CONSTRAINT auth_permission_content_type_id_codename_01ab375a_uniq UNIQUE (content_type_id, codename);


--
-- Name: auth_permission auth_permission_pkey; Type: CONSTRAINT; Schema: public; Owner: postgres
--

ALTER TABLE ONLY public.auth_permission
    ADD CONSTRAINT auth_permission_pkey PRIMARY KEY (id);


--
-- Name: community_productcomment community_productcomment_pkey; Type: CONSTRAINT; Schema: public; Owner: postgres
--

ALTER TABLE ONLY public.community_productcomment
    ADD CONSTRAINT community_productcomment_pkey PRIMARY KEY (id);


--
-- Name: community_productreview community_productreview_pkey; Type: CONSTRAINT; Schema: public; Owner: postgres
--

ALTER TABLE ONLY public.community_productreview
    ADD CONSTRAINT community_productreview_pkey PRIMARY KEY (id);


--
-- Name: community_productreviewcomment community_productreviewcomment_pkey; Type: CONSTRAINT; Schema: public; Owner: postgres
--

ALTER TABLE ONLY public.community_productreviewcomment
    ADD CONSTRAINT community_productreviewcomment_pkey PRIMARY KEY (id);


--
-- Name: community_usercomment community_usercomment_pkey; Type: CONSTRAINT; Schema: public; Owner: postgres
--

ALTER TABLE ONLY public.community_usercomment
    ADD CONSTRAINT community_usercomment_pkey PRIMARY KEY (id);


--
-- Name: django_admin_log django_admin_log_pkey; Type: CONSTRAINT; Schema: public; Owner: postgres
--

ALTER TABLE ONLY public.django_admin_log
    ADD CONSTRAINT django_admin_log_pkey PRIMARY KEY (id);


--
-- Name: django_content_type django_content_type_app_label_model_76bd3d3b_uniq; Type: CONSTRAINT; Schema: public; Owner: postgres
--

ALTER TABLE ONLY public.django_content_type
    ADD CONSTRAINT django_content_type_app_label_model_76bd3d3b_uniq UNIQUE (app_label, model);


--
-- Name: django_content_type django_content_type_pkey; Type: CONSTRAINT; Schema: public; Owner: postgres
--

ALTER TABLE ONLY public.django_content_type
    ADD CONSTRAINT django_content_type_pkey PRIMARY KEY (id);


--
-- Name: django_migrations django_migrations_pkey; Type: CONSTRAINT; Schema: public; Owner: postgres
--

ALTER TABLE ONLY public.django_migrations
    ADD CONSTRAINT django_migrations_pkey PRIMARY KEY (id);


--
-- Name: django_session django_session_pkey; Type: CONSTRAINT; Schema: public; Owner: postgres
--

ALTER TABLE ONLY public.django_session
    ADD CONSTRAINT django_session_pkey PRIMARY KEY (session_key);


--
-- Name: orders_cart orders_cart_pkey; Type: CONSTRAINT; Schema: public; Owner: postgres
--

ALTER TABLE ONLY public.orders_cart
    ADD CONSTRAINT orders_cart_pkey PRIMARY KEY (id);


--
-- Name: orders_cart orders_cart_user_id_key; Type: CONSTRAINT; Schema: public; Owner: postgres
--

ALTER TABLE ONLY public.orders_cart
    ADD CONSTRAINT orders_cart_user_id_key UNIQUE (user_id);


--
-- Name: orders_cartitem orders_cartitem_pkey; Type: CONSTRAINT; Schema: public; Owner: postgres
--

ALTER TABLE ONLY public.orders_cartitem
    ADD CONSTRAINT orders_cartitem_pkey PRIMARY KEY (id);


--
-- Name: orders_order orders_order_pkey; Type: CONSTRAINT; Schema: public; Owner: postgres
--

ALTER TABLE ONLY public.orders_order
    ADD CONSTRAINT orders_order_pkey PRIMARY KEY (id);


--
-- Name: orders_orderitem orders_orderitem_pkey; Type: CONSTRAINT; Schema: public; Owner: postgres
--

ALTER TABLE ONLY public.orders_orderitem
    ADD CONSTRAINT orders_orderitem_pkey PRIMARY KEY (id);


--
-- Name: products_attribute products_attribute_pkey; Type: CONSTRAINT; Schema: public; Owner: postgres
--

ALTER TABLE ONLY public.products_attribute
    ADD CONSTRAINT products_attribute_pkey PRIMARY KEY (id);


--
-- Name: products_attributevalue products_attributevalue_pkey; Type: CONSTRAINT; Schema: public; Owner: postgres
--

ALTER TABLE ONLY public.products_attributevalue
    ADD CONSTRAINT products_attributevalue_pkey PRIMARY KEY (id);


--
-- Name: products_category products_category_pkey; Type: CONSTRAINT; Schema: public; Owner: postgres
--

ALTER TABLE ONLY public.products_category
    ADD CONSTRAINT products_category_pkey PRIMARY KEY (id);


--
-- Name: products_favorite products_favorite_pkey; Type: CONSTRAINT; Schema: public; Owner: postgres
--

ALTER TABLE ONLY public.products_favorite
    ADD CONSTRAINT products_favorite_pkey PRIMARY KEY (id);


--
-- Name: products_favorite products_favorite_user_id_product_id_daf9efdd_uniq; Type: CONSTRAINT; Schema: public; Owner: postgres
--

ALTER TABLE ONLY public.products_favorite
    ADD CONSTRAINT products_favorite_user_id_product_id_daf9efdd_uniq UNIQUE (user_id, product_id);


--
-- Name: products_filter products_filter_pkey; Type: CONSTRAINT; Schema: public; Owner: postgres
--

ALTER TABLE ONLY public.products_filter
    ADD CONSTRAINT products_filter_pkey PRIMARY KEY (id);


--
-- Name: products_pricehistory products_pricehistory_pkey; Type: CONSTRAINT; Schema: public; Owner: postgres
--

ALTER TABLE ONLY public.products_pricehistory
    ADD CONSTRAINT products_pricehistory_pkey PRIMARY KEY (id);


--
-- Name: products_product products_product_pkey; Type: CONSTRAINT; Schema: public; Owner: postgres
--

ALTER TABLE ONLY public.products_product
    ADD CONSTRAINT products_product_pkey PRIMARY KEY (id);


--
-- Name: products_productattribute products_productattribut_product_id_attribute_val_79d7cfd2_uniq; Type: CONSTRAINT; Schema: public; Owner: postgres
--

ALTER TABLE ONLY public.products_productattribute
    ADD CONSTRAINT products_productattribut_product_id_attribute_val_79d7cfd2_uniq UNIQUE (product_id, attribute_value_id);


--
-- Name: products_productattribute products_productattribute_pkey; Type: CONSTRAINT; Schema: public; Owner: postgres
--

ALTER TABLE ONLY public.products_productattribute
    ADD CONSTRAINT products_productattribute_pkey PRIMARY KEY (id);


--
-- Name: products_productphoto products_productphoto_pkey; Type: CONSTRAINT; Schema: public; Owner: postgres
--

ALTER TABLE ONLY public.products_productphoto
    ADD CONSTRAINT products_productphoto_pkey PRIMARY KEY (id);


--
-- Name: users_user_groups users_user_groups_pkey; Type: CONSTRAINT; Schema: public; Owner: postgres
--

ALTER TABLE ONLY public.users_user_groups
    ADD CONSTRAINT users_user_groups_pkey PRIMARY KEY (id);


--
-- Name: users_user_groups users_user_groups_user_id_group_id_b88eab82_uniq; Type: CONSTRAINT; Schema: public; Owner: postgres
--

ALTER TABLE ONLY public.users_user_groups
    ADD CONSTRAINT users_user_groups_user_id_group_id_b88eab82_uniq UNIQUE (user_id, group_id);


--
-- Name: users_user users_user_pkey; Type: CONSTRAINT; Schema: public; Owner: postgres
--

ALTER TABLE ONLY public.users_user
    ADD CONSTRAINT users_user_pkey PRIMARY KEY (id);


--
-- Name: users_user_user_permissions users_user_user_permissions_pkey; Type: CONSTRAINT; Schema: public; Owner: postgres
--

ALTER TABLE ONLY public.users_user_user_permissions
    ADD CONSTRAINT users_user_user_permissions_pkey PRIMARY KEY (id);


--
-- Name: users_user_user_permissions users_user_user_permissions_user_id_permission_id_43338c45_uniq; Type: CONSTRAINT; Schema: public; Owner: postgres
--

ALTER TABLE ONLY public.users_user_user_permissions
    ADD CONSTRAINT users_user_user_permissions_user_id_permission_id_43338c45_uniq UNIQUE (user_id, permission_id);


--
-- Name: users_user users_user_username_key; Type: CONSTRAINT; Schema: public; Owner: postgres
--

ALTER TABLE ONLY public.users_user
    ADD CONSTRAINT users_user_username_key UNIQUE (username);


--
-- Name: auth_group_name_a6ea08ec_like; Type: INDEX; Schema: public; Owner: postgres
--

CREATE INDEX auth_group_name_a6ea08ec_like ON public.auth_group USING btree (name varchar_pattern_ops);


--
-- Name: auth_group_permissions_group_id_b120cbf9; Type: INDEX; Schema: public; Owner: postgres
--

CREATE INDEX auth_group_permissions_group_id_b120cbf9 ON public.auth_group_permissions USING btree (group_id);


--
-- Name: auth_group_permissions_permission_id_84c5c92e; Type: INDEX; Schema: public; Owner: postgres
--

CREATE INDEX auth_group_permissions_permission_id_84c5c92e ON public.auth_group_permissions USING btree (permission_id);


--
-- Name: auth_permission_content_type_id_2f476e4b; Type: INDEX; Schema: public; Owner: postgres
--

CREATE INDEX auth_permission_content_type_id_2f476e4b ON public.auth_permission USING btree (content_type_id);


--
-- Name: community_productcomment_author_id_ab2dbd4d; Type: INDEX; Schema: public; Owner: postgres
--

CREATE INDEX community_productcomment_author_id_ab2dbd4d ON public.community_productcomment USING btree (author_id);


--
-- Name: community_productcomment_parent_id_5f8df9c3; Type: INDEX; Schema: public; Owner: postgres
--

CREATE INDEX community_productcomment_parent_id_5f8df9c3 ON public.community_productcomment USING btree (parent_id);


--
-- Name: community_productcomment_product_id_eabef5f1; Type: INDEX; Schema: public; Owner: postgres
--

CREATE INDEX community_productcomment_product_id_eabef5f1 ON public.community_productcomment USING btree (product_id);


--
-- Name: community_productreview_author_id_f46be3d2; Type: INDEX; Schema: public; Owner: postgres
--

CREATE INDEX community_productreview_author_id_f46be3d2 ON public.community_productreview USING btree (author_id);


--
-- Name: community_productreview_product_id_9e12e16b; Type: INDEX; Schema: public; Owner: postgres
--

CREATE INDEX community_productreview_product_id_9e12e16b ON public.community_productreview USING btree (product_id);


--
-- Name: community_productreviewcomment_author_id_b75462aa; Type: INDEX; Schema: public; Owner: postgres
--

CREATE INDEX community_productreviewcomment_author_id_b75462aa ON public.community_productreviewcomment USING btree (author_id);


--
-- Name: community_productreviewcomment_review_id_3b42f00b; Type: INDEX; Schema: public; Owner: postgres
--

CREATE INDEX community_productreviewcomment_review_id_3b42f00b ON public.community_productreviewcomment USING btree (review_id);


--
-- Name: community_usercomment_author_id_b5f64f76; Type: INDEX; Schema: public; Owner: postgres
--

CREATE INDEX community_usercomment_author_id_b5f64f76 ON public.community_usercomment USING btree (author_id);


--
-- Name: community_usercomment_parent_id_781dabfa; Type: INDEX; Schema: public; Owner: postgres
--

CREATE INDEX community_usercomment_parent_id_781dabfa ON public.community_usercomment USING btree (parent_id);


--
-- Name: community_usercomment_user_id_243e0164; Type: INDEX; Schema: public; Owner: postgres
--

CREATE INDEX community_usercomment_user_id_243e0164 ON public.community_usercomment USING btree (user_id);


--
-- Name: django_admin_log_content_type_id_c4bce8eb; Type: INDEX; Schema: public; Owner: postgres
--

CREATE INDEX django_admin_log_content_type_id_c4bce8eb ON public.django_admin_log USING btree (content_type_id);


--
-- Name: django_admin_log_user_id_c564eba6; Type: INDEX; Schema: public; Owner: postgres
--

CREATE INDEX django_admin_log_user_id_c564eba6 ON public.django_admin_log USING btree (user_id);


--
-- Name: django_session_expire_date_a5c62663; Type: INDEX; Schema: public; Owner: postgres
--

CREATE INDEX django_session_expire_date_a5c62663 ON public.django_session USING btree (expire_date);


--
-- Name: django_session_session_key_c0390e0f_like; Type: INDEX; Schema: public; Owner: postgres
--

CREATE INDEX django_session_session_key_c0390e0f_like ON public.django_session USING btree (session_key varchar_pattern_ops);


--
-- Name: orders_cartitem_cart_id_529df5fa; Type: INDEX; Schema: public; Owner: postgres
--

CREATE INDEX orders_cartitem_cart_id_529df5fa ON public.orders_cartitem USING btree (cart_id);


--
-- Name: orders_cartitem_product_id_55063ee7; Type: INDEX; Schema: public; Owner: postgres
--

CREATE INDEX orders_cartitem_product_id_55063ee7 ON public.orders_cartitem USING btree (product_id);


--
-- Name: orders_order_user_id_e9b59eb1; Type: INDEX; Schema: public; Owner: postgres
--

CREATE INDEX orders_order_user_id_e9b59eb1 ON public.orders_order USING btree (user_id);


--
-- Name: orders_orderitem_order_id_fe61a34d; Type: INDEX; Schema: public; Owner: postgres
--

CREATE INDEX orders_orderitem_order_id_fe61a34d ON public.orders_orderitem USING btree (order_id);


--
-- Name: orders_orderitem_product_id_afe4254a; Type: INDEX; Schema: public; Owner: postgres
--

CREATE INDEX orders_orderitem_product_id_afe4254a ON public.orders_orderitem USING btree (product_id);


--
-- Name: products_attributevalue_attribute_id_82b9ba3c; Type: INDEX; Schema: public; Owner: postgres
--

CREATE INDEX products_attributevalue_attribute_id_82b9ba3c ON public.products_attributevalue USING btree (attribute_id);


--
-- Name: products_category_parent_id_3388f6c9; Type: INDEX; Schema: public; Owner: postgres
--

CREATE INDEX products_category_parent_id_3388f6c9 ON public.products_category USING btree (parent_id);


--
-- Name: products_favorite_product_id_f8265054; Type: INDEX; Schema: public; Owner: postgres
--

CREATE INDEX products_favorite_product_id_f8265054 ON public.products_favorite USING btree (product_id);


--
-- Name: products_favorite_user_id_cd8466da; Type: INDEX; Schema: public; Owner: postgres
--

CREATE INDEX products_favorite_user_id_cd8466da ON public.products_favorite USING btree (user_id);


--
-- Name: products_filter_attribute_id_57b509e5; Type: INDEX; Schema: public; Owner: postgres
--

CREATE INDEX products_filter_attribute_id_57b509e5 ON public.products_filter USING btree (attribute_id);


--
-- Name: products_filter_category_id_4b5bd4d3; Type: INDEX; Schema: public; Owner: postgres
--

CREATE INDEX products_filter_category_id_4b5bd4d3 ON public.products_filter USING btree (category_id);


--
-- Name: products_pricehistory_product_id_1fc0e3fe; Type: INDEX; Schema: public; Owner: postgres
--

CREATE INDEX products_pricehistory_product_id_1fc0e3fe ON public.products_pricehistory USING btree (product_id);


--
-- Name: products_product_category_id_9b594869; Type: INDEX; Schema: public; Owner: postgres
--

CREATE INDEX products_product_category_id_9b594869 ON public.products_product USING btree (category_id);


--
-- Name: products_productattribute_attribute_value_id_868c3a61; Type: INDEX; Schema: public; Owner: postgres
--

CREATE INDEX products_productattribute_attribute_value_id_868c3a61 ON public.products_productattribute USING btree (attribute_value_id);


--
-- Name: products_productattribute_product_id_b9a86828; Type: INDEX; Schema: public; Owner: postgres
--

CREATE INDEX products_productattribute_product_id_b9a86828 ON public.products_productattribute USING btree (product_id);


--
-- Name: products_productphoto_product_id_93bcbc5e; Type: INDEX; Schema: public; Owner: postgres
--

CREATE INDEX products_productphoto_product_id_93bcbc5e ON public.products_productphoto USING btree (product_id);


--
-- Name: users_user_groups_group_id_9afc8d0e; Type: INDEX; Schema: public; Owner: postgres
--

CREATE INDEX users_user_groups_group_id_9afc8d0e ON public.users_user_groups USING btree (group_id);


--
-- Name: users_user_groups_user_id_5f6f5a90; Type: INDEX; Schema: public; Owner: postgres
--

CREATE INDEX users_user_groups_user_id_5f6f5a90 ON public.users_user_groups USING btree (user_id);


--
-- Name: users_user_user_permissions_permission_id_0b93982e; Type: INDEX; Schema: public; Owner: postgres
--

CREATE INDEX users_user_user_permissions_permission_id_0b93982e ON public.users_user_user_permissions USING btree (permission_id);


--
-- Name: users_user_user_permissions_user_id_20aca447; Type: INDEX; Schema: public; Owner: postgres
--

CREATE INDEX users_user_user_permissions_user_id_20aca447 ON public.users_user_user_permissions USING btree (user_id);


--
-- Name: users_user_username_06e46fe6_like; Type: INDEX; Schema: public; Owner: postgres
--

CREATE INDEX users_user_username_06e46fe6_like ON public.users_user USING btree (username varchar_pattern_ops);


--
-- Name: auth_group_permissions auth_group_permissio_permission_id_84c5c92e_fk_auth_perm; Type: FK CONSTRAINT; Schema: public; Owner: postgres
--

ALTER TABLE ONLY public.auth_group_permissions
    ADD CONSTRAINT auth_group_permissio_permission_id_84c5c92e_fk_auth_perm FOREIGN KEY (permission_id) REFERENCES public.auth_permission(id) DEFERRABLE INITIALLY DEFERRED;


--
-- Name: auth_group_permissions auth_group_permissions_group_id_b120cbf9_fk_auth_group_id; Type: FK CONSTRAINT; Schema: public; Owner: postgres
--

ALTER TABLE ONLY public.auth_group_permissions
    ADD CONSTRAINT auth_group_permissions_group_id_b120cbf9_fk_auth_group_id FOREIGN KEY (group_id) REFERENCES public.auth_group(id) DEFERRABLE INITIALLY DEFERRED;


--
-- Name: auth_permission auth_permission_content_type_id_2f476e4b_fk_django_co; Type: FK CONSTRAINT; Schema: public; Owner: postgres
--

ALTER TABLE ONLY public.auth_permission
    ADD CONSTRAINT auth_permission_content_type_id_2f476e4b_fk_django_co FOREIGN KEY (content_type_id) REFERENCES public.django_content_type(id) DEFERRABLE INITIALLY DEFERRED;


--
-- Name: community_productcomment community_productcom_parent_id_5f8df9c3_fk_community; Type: FK CONSTRAINT; Schema: public; Owner: postgres
--

ALTER TABLE ONLY public.community_productcomment
    ADD CONSTRAINT community_productcom_parent_id_5f8df9c3_fk_community FOREIGN KEY (parent_id) REFERENCES public.community_productcomment(id) DEFERRABLE INITIALLY DEFERRED;


--
-- Name: community_productcomment community_productcom_product_id_eabef5f1_fk_products_; Type: FK CONSTRAINT; Schema: public; Owner: postgres
--

ALTER TABLE ONLY public.community_productcomment
    ADD CONSTRAINT community_productcom_product_id_eabef5f1_fk_products_ FOREIGN KEY (product_id) REFERENCES public.products_product(id) DEFERRABLE INITIALLY DEFERRED;


--
-- Name: community_productcomment community_productcomment_author_id_ab2dbd4d_fk_users_user_id; Type: FK CONSTRAINT; Schema: public; Owner: postgres
--

ALTER TABLE ONLY public.community_productcomment
    ADD CONSTRAINT community_productcomment_author_id_ab2dbd4d_fk_users_user_id FOREIGN KEY (author_id) REFERENCES public.users_user(id) DEFERRABLE INITIALLY DEFERRED;


--
-- Name: community_productreviewcomment community_productrev_author_id_b75462aa_fk_users_use; Type: FK CONSTRAINT; Schema: public; Owner: postgres
--

ALTER TABLE ONLY public.community_productreviewcomment
    ADD CONSTRAINT community_productrev_author_id_b75462aa_fk_users_use FOREIGN KEY (author_id) REFERENCES public.users_user(id) DEFERRABLE INITIALLY DEFERRED;


--
-- Name: community_productreview community_productrev_product_id_9e12e16b_fk_products_; Type: FK CONSTRAINT; Schema: public; Owner: postgres
--

ALTER TABLE ONLY public.community_productreview
    ADD CONSTRAINT community_productrev_product_id_9e12e16b_fk_products_ FOREIGN KEY (product_id) REFERENCES public.products_product(id) DEFERRABLE INITIALLY DEFERRED;


--
-- Name: community_productreviewcomment community_productrev_review_id_3b42f00b_fk_community; Type: FK CONSTRAINT; Schema: public; Owner: postgres
--

ALTER TABLE ONLY public.community_productreviewcomment
    ADD CONSTRAINT community_productrev_review_id_3b42f00b_fk_community FOREIGN KEY (review_id) REFERENCES public.community_productreview(id) DEFERRABLE INITIALLY DEFERRED;


--
-- Name: community_productreview community_productreview_author_id_f46be3d2_fk_users_user_id; Type: FK CONSTRAINT; Schema: public; Owner: postgres
--

ALTER TABLE ONLY public.community_productreview
    ADD CONSTRAINT community_productreview_author_id_f46be3d2_fk_users_user_id FOREIGN KEY (author_id) REFERENCES public.users_user(id) DEFERRABLE INITIALLY DEFERRED;


--
-- Name: community_usercomment community_usercommen_parent_id_781dabfa_fk_community; Type: FK CONSTRAINT; Schema: public; Owner: postgres
--

ALTER TABLE ONLY public.community_usercomment
    ADD CONSTRAINT community_usercommen_parent_id_781dabfa_fk_community FOREIGN KEY (parent_id) REFERENCES public.community_usercomment(id) DEFERRABLE INITIALLY DEFERRED;


--
-- Name: community_usercomment community_usercomment_author_id_b5f64f76_fk_users_user_id; Type: FK CONSTRAINT; Schema: public; Owner: postgres
--

ALTER TABLE ONLY public.community_usercomment
    ADD CONSTRAINT community_usercomment_author_id_b5f64f76_fk_users_user_id FOREIGN KEY (author_id) REFERENCES public.users_user(id) DEFERRABLE INITIALLY DEFERRED;


--
-- Name: community_usercomment community_usercomment_user_id_243e0164_fk_users_user_id; Type: FK CONSTRAINT; Schema: public; Owner: postgres
--

ALTER TABLE ONLY public.community_usercomment
    ADD CONSTRAINT community_usercomment_user_id_243e0164_fk_users_user_id FOREIGN KEY (user_id) REFERENCES public.users_user(id) DEFERRABLE INITIALLY DEFERRED;


--
-- Name: django_admin_log django_admin_log_content_type_id_c4bce8eb_fk_django_co; Type: FK CONSTRAINT; Schema: public; Owner: postgres
--

ALTER TABLE ONLY public.django_admin_log
    ADD CONSTRAINT django_admin_log_content_type_id_c4bce8eb_fk_django_co FOREIGN KEY (content_type_id) REFERENCES public.django_content_type(id) DEFERRABLE INITIALLY DEFERRED;


--
-- Name: django_admin_log django_admin_log_user_id_c564eba6_fk_users_user_id; Type: FK CONSTRAINT; Schema: public; Owner: postgres
--

ALTER TABLE ONLY public.django_admin_log
    ADD CONSTRAINT django_admin_log_user_id_c564eba6_fk_users_user_id FOREIGN KEY (user_id) REFERENCES public.users_user(id) DEFERRABLE INITIALLY DEFERRED;


--
-- Name: orders_cart orders_cart_user_id_121a069e_fk_users_user_id; Type: FK CONSTRAINT; Schema: public; Owner: postgres
--

ALTER TABLE ONLY public.orders_cart
    ADD CONSTRAINT orders_cart_user_id_121a069e_fk_users_user_id FOREIGN KEY (user_id) REFERENCES public.users_user(id) DEFERRABLE INITIALLY DEFERRED;


--
-- Name: orders_cartitem orders_cartitem_cart_id_529df5fa_fk_orders_cart_id; Type: FK CONSTRAINT; Schema: public; Owner: postgres
--

ALTER TABLE ONLY public.orders_cartitem
    ADD CONSTRAINT orders_cartitem_cart_id_529df5fa_fk_orders_cart_id FOREIGN KEY (cart_id) REFERENCES public.orders_cart(id) DEFERRABLE INITIALLY DEFERRED;


--
-- Name: orders_cartitem orders_cartitem_product_id_55063ee7_fk_products_product_id; Type: FK CONSTRAINT; Schema: public; Owner: postgres
--

ALTER TABLE ONLY public.orders_cartitem
    ADD CONSTRAINT orders_cartitem_product_id_55063ee7_fk_products_product_id FOREIGN KEY (product_id) REFERENCES public.products_product(id) DEFERRABLE INITIALLY DEFERRED;


--
-- Name: orders_order orders_order_user_id_e9b59eb1_fk_users_user_id; Type: FK CONSTRAINT; Schema: public; Owner: postgres
--

ALTER TABLE ONLY public.orders_order
    ADD CONSTRAINT orders_order_user_id_e9b59eb1_fk_users_user_id FOREIGN KEY (user_id) REFERENCES public.users_user(id) DEFERRABLE INITIALLY DEFERRED;


--
-- Name: orders_orderitem orders_orderitem_order_id_fe61a34d_fk_orders_order_id; Type: FK CONSTRAINT; Schema: public; Owner: postgres
--

ALTER TABLE ONLY public.orders_orderitem
    ADD CONSTRAINT orders_orderitem_order_id_fe61a34d_fk_orders_order_id FOREIGN KEY (order_id) REFERENCES public.orders_order(id) DEFERRABLE INITIALLY DEFERRED;


--
-- Name: orders_orderitem orders_orderitem_product_id_afe4254a_fk_products_product_id; Type: FK CONSTRAINT; Schema: public; Owner: postgres
--

ALTER TABLE ONLY public.orders_orderitem
    ADD CONSTRAINT orders_orderitem_product_id_afe4254a_fk_products_product_id FOREIGN KEY (product_id) REFERENCES public.products_product(id) DEFERRABLE INITIALLY DEFERRED;


--
-- Name: products_attributevalue products_attributeva_attribute_id_82b9ba3c_fk_products_; Type: FK CONSTRAINT; Schema: public; Owner: postgres
--

ALTER TABLE ONLY public.products_attributevalue
    ADD CONSTRAINT products_attributeva_attribute_id_82b9ba3c_fk_products_ FOREIGN KEY (attribute_id) REFERENCES public.products_attribute(id) DEFERRABLE INITIALLY DEFERRED;


--
-- Name: products_category products_category_parent_id_3388f6c9_fk_products_category_id; Type: FK CONSTRAINT; Schema: public; Owner: postgres
--

ALTER TABLE ONLY public.products_category
    ADD CONSTRAINT products_category_parent_id_3388f6c9_fk_products_category_id FOREIGN KEY (parent_id) REFERENCES public.products_category(id) DEFERRABLE INITIALLY DEFERRED;


--
-- Name: products_favorite products_favorite_product_id_f8265054_fk_products_product_id; Type: FK CONSTRAINT; Schema: public; Owner: postgres
--

ALTER TABLE ONLY public.products_favorite
    ADD CONSTRAINT products_favorite_product_id_f8265054_fk_products_product_id FOREIGN KEY (product_id) REFERENCES public.products_product(id) DEFERRABLE INITIALLY DEFERRED;


--
-- Name: products_favorite products_favorite_user_id_cd8466da_fk_users_user_id; Type: FK CONSTRAINT; Schema: public; Owner: postgres
--

ALTER TABLE ONLY public.products_favorite
    ADD CONSTRAINT products_favorite_user_id_cd8466da_fk_users_user_id FOREIGN KEY (user_id) REFERENCES public.users_user(id) DEFERRABLE INITIALLY DEFERRED;


--
-- Name: products_filter products_filter_attribute_id_57b509e5_fk_products_attribute_id; Type: FK CONSTRAINT; Schema: public; Owner: postgres
--

ALTER TABLE ONLY public.products_filter
    ADD CONSTRAINT products_filter_attribute_id_57b509e5_fk_products_attribute_id FOREIGN KEY (attribute_id) REFERENCES public.products_attribute(id) DEFERRABLE INITIALLY DEFERRED;


--
-- Name: products_filter products_filter_category_id_4b5bd4d3_fk_products_category_id; Type: FK CONSTRAINT; Schema: public; Owner: postgres
--

ALTER TABLE ONLY public.products_filter
    ADD CONSTRAINT products_filter_category_id_4b5bd4d3_fk_products_category_id FOREIGN KEY (category_id) REFERENCES public.products_category(id) DEFERRABLE INITIALLY DEFERRED;


--
-- Name: products_pricehistory products_pricehistor_product_id_1fc0e3fe_fk_products_; Type: FK CONSTRAINT; Schema: public; Owner: postgres
--

ALTER TABLE ONLY public.products_pricehistory
    ADD CONSTRAINT products_pricehistor_product_id_1fc0e3fe_fk_products_ FOREIGN KEY (product_id) REFERENCES public.products_product(id) DEFERRABLE INITIALLY DEFERRED;


--
-- Name: products_product products_product_category_id_9b594869_fk_products_category_id; Type: FK CONSTRAINT; Schema: public; Owner: postgres
--

ALTER TABLE ONLY public.products_product
    ADD CONSTRAINT products_product_category_id_9b594869_fk_products_category_id FOREIGN KEY (category_id) REFERENCES public.products_category(id) DEFERRABLE INITIALLY DEFERRED;


--
-- Name: products_productattribute products_productattr_attribute_value_id_868c3a61_fk_products_; Type: FK CONSTRAINT; Schema: public; Owner: postgres
--

ALTER TABLE ONLY public.products_productattribute
    ADD CONSTRAINT products_productattr_attribute_value_id_868c3a61_fk_products_ FOREIGN KEY (attribute_value_id) REFERENCES public.products_attributevalue(id) DEFERRABLE INITIALLY DEFERRED;


--
-- Name: products_productattribute products_productattr_product_id_b9a86828_fk_products_; Type: FK CONSTRAINT; Schema: public; Owner: postgres
--

ALTER TABLE ONLY public.products_productattribute
    ADD CONSTRAINT products_productattr_product_id_b9a86828_fk_products_ FOREIGN KEY (product_id) REFERENCES public.products_product(id) DEFERRABLE INITIALLY DEFERRED;


--
-- Name: products_productphoto products_productphot_product_id_93bcbc5e_fk_products_; Type: FK CONSTRAINT; Schema: public; Owner: postgres
--

ALTER TABLE ONLY public.products_productphoto
    ADD CONSTRAINT products_productphot_product_id_93bcbc5e_fk_products_ FOREIGN KEY (product_id) REFERENCES public.products_product(id) DEFERRABLE INITIALLY DEFERRED;


--
-- Name: users_user_groups users_user_groups_group_id_9afc8d0e_fk_auth_group_id; Type: FK CONSTRAINT; Schema: public; Owner: postgres
--

ALTER TABLE ONLY public.users_user_groups
    ADD CONSTRAINT users_user_groups_group_id_9afc8d0e_fk_auth_group_id FOREIGN KEY (group_id) REFERENCES public.auth_group(id) DEFERRABLE INITIALLY DEFERRED;


--
-- Name: users_user_groups users_user_groups_user_id_5f6f5a90_fk_users_user_id; Type: FK CONSTRAINT; Schema: public; Owner: postgres
--

ALTER TABLE ONLY public.users_user_groups
    ADD CONSTRAINT users_user_groups_user_id_5f6f5a90_fk_users_user_id FOREIGN KEY (user_id) REFERENCES public.users_user(id) DEFERRABLE INITIALLY DEFERRED;


--
-- Name: users_user_user_permissions users_user_user_perm_permission_id_0b93982e_fk_auth_perm; Type: FK CONSTRAINT; Schema: public; Owner: postgres
--

ALTER TABLE ONLY public.users_user_user_permissions
    ADD CONSTRAINT users_user_user_perm_permission_id_0b93982e_fk_auth_perm FOREIGN KEY (permission_id) REFERENCES public.auth_permission(id) DEFERRABLE INITIALLY DEFERRED;


--
-- Name: users_user_user_permissions users_user_user_permissions_user_id_20aca447_fk_users_user_id; Type: FK CONSTRAINT; Schema: public; Owner: postgres
--

ALTER TABLE ONLY public.users_user_user_permissions
    ADD CONSTRAINT users_user_user_permissions_user_id_20aca447_fk_users_user_id FOREIGN KEY (user_id) REFERENCES public.users_user(id) DEFERRABLE INITIALLY DEFERRED;


--
-- PostgreSQL database dump complete
--

